-79.17391304347827,-87.59999999999999,-99.66666666666667,-96.15384615384616,-108,-108,-86.76923076923077,-89.58333333333333,-100.7142857142857,-108,-108,-108,-108,-108,-108,-108,-106.5,-108,-108,-108,-108,-108,-108,-108,-98.28571428571429,-94.10344827586206,-81.50617283950618,-89.4375,-95.375,-84.66666666666667
-70.45454545454545,-81.95999999999999,-90.93333333333334,-90.69565217391305,-93.88888888888889,-98.22222222222223,-92.36666666666666,-89.68000000000001,-96,-108,-108,-108,-108,-108,-108,-108,-108,-108,-108,-108,-108,-108,-108,-108,-102.5714285714286,-98.5,-83.39393939393939,-92.83333333333333,-97.28571428571429,-91.70588235294117
-67.37647058823529,-80.42028985507247,-85.06122448979592,-84.95833333333333,-88.625,-93.04545454545455,-81.92307692307692,-99.33333333333333,-108,-108,-108,-108,-101.8333333333333,-108,-108,-108,-91.25,-108,-108,-108,-108,-108,-108,-108,-91.48148148148148,-96,-84.90909090909091,-81.23958333333333,-94,-93
-65.47311827956989,-76.28048780487805,-83.78260869565217,-76.41584158415841,-90.38709677419355,-82.04545454545455,-91.40909090909091,-93.66666666666667,-108,-108,-108,-108,-108,-108,-108,-108,-108,-108,-108,-108,-108,-108,-108,-108,-97.40000000000001,-108,-85.8,-87.89830508474576,-106.3333333333333,-103.6666666666667
-76.75,-69.875,-90.63157894736842,-71.61290322580645,-95.08333333333333,-83.59999999999999,-108,-108,-108,-108,-108,-108,-108,-108,-108,-108,-108,-108,-108,-108,-108,-108,-108,-108,-108,-108,-91.03333333333333,-87.81578947368421,-108,-108
-80.9047619047619,-76.62,-93,-74.26666666666667,-98.5,-89.7,-108,-108,-108,-108,-108,-108,-108,-108,-108,-108,-108,-108,-108,-108,-108,-108,-108,-108,-108,-108,-93.25,-88.17647058823529,-108,-108
-78.125,-66.91489361702128,-82.34999999999999,-76.35135135135135,-86.93939393939394,-86.72916666666667,-108,-108,-108,-108,-108,-108,-108,-108,-108,-108,-108,-108,-108,-108,-108,-108,-108,-108,-108,-108,-91.52631578947368,-91.71428571428571,-108,-108
-73.96491228070175,-69.54285714285714,-91.86666666666666,-74.34090909090909,-86.29166666666667,-83.14285714285714,-108,-108,-108,-108,-108,-108,-108,-108,-108,-108,-108,-108,-108,-108,-108,-108,-108,-108,-105.8333333333333,-108,-89.1875,-92.09999999999999,-108,-103.5
-83.61111111111111,-93.26315789473684,-88.23529411764706,-95.21052631578948,-89.15789473684211,-108,-74.4074074074074,-99.57142857142857,-108,-108,-108,-108,-108,-108,-108,-108,-91.92307692307692,-108,-108,-108,-108,-108,-108,-108,-91.90909090909091,-105.6666666666667,-87.82142857142857,-93.3125,-108,-106
-69.51851851851852,-87.37142857142857,-78.29032258064517,-82.84375,-84.66666666666667,-93.125,-86.03703703703704,-108,-108,-108,-108,-108,-108,-108,-108,-108,-96.875,-108,-108,-108,-108,-108,-108,-108,-90.76470588235294,-108,-92.13333333333334,-96.54545454545455,-108,-108
-75.60975609756098,-81.63333333333334,-74.35714285714286,-74.82608695652173,-77.68421052631579,-80.96153846153847,-89.25806451612904,-108,-108,-108,-108,-108,-108,-108,-108,-108,-103.6666666666667,-108,-108,-108,-108,-108,-108,-108,-108,-108,-94.59999999999999,-98.875,-108,-105.8333333333333
-79.04761904761905,-86.27586206896552,-71,-80.125,-76.40000000000001,-88.28125,-92.84615384615384,-108,-108,-108,-108,-108,-108,-108,-108,-108,-105,-108,-108,-108,-108,-108,-108,-108,-101.7142857142857,-108,-90.82352941176471,-90.51724137931035,-108,-95.75
-83.93220338983051,-72.67241379310344,-80.70588235294117,-66.29545454545455,-77.15625,-69.65573770491804,-103.6666666666667,-108,-108,-108,-108,-108,-108,-108,-108,-108,-108,-108,-108,-108,-108,-108,-108,-108,-108,-108,-106.1666666666667,-108,-108,-108
-87.54761904761905,-81,-85.26086956521739,-72.41666666666667,-87.64516129032258,-81.90384615384616,-106.1666666666667,-108,-108,-108,-108,-108,-108,-108,-108,-108,-108,-108,-108,-108,-108,-108,-108,-108,-108,-108,-108,-96.41666666666667,-108,-108
-90.58333333333333,-83.34999999999999,-85.05,-70.64864864864865,-88.15384615384616,-79.0625,-108,-108,-108,-108,-108,-108,-108,-108,-108,-108,-108,-108,-108,-108,-108,-108,-108,-108,-108,-108,-97.625,-93.91666666666667,-108,-108
-87.70588235294117,-80.34090909090909,-84.59999999999999,-63.78947368421053,-82.31428571428572,-83.91228070175438,-108,-108,-108,-108,-108,-108,-108,-108,-108,-108,-108,-108,-108,-108,-108,-108,-108,-108,-108,-108,-108,-108,-108,-108
-87.45652173913044,-73.08333333333333,-83.69230769230769,-68.45454545454545,-87.38709677419355,-79.17543859649123,-108,-108,-108,-108,-108,-108,-108,-108,-108,-108,-108,-108,-108,-108,-108,-108,-108,-108,-108,-108,-108,-96.55555555555556,-108,-108
-88.36842105263158,-95,-81.23999999999999,-89.90322580645162,-80.42857142857143,-91.30769230769231,-94.09090909090909,-108,-108,-108,-105.3333333333333,-108,-106.5,-108,-108,-108,-99.42857142857143,-108,-108,-108,-108,-108,-108,-108,-108,-108,-92.92307692307692,-92.19047619047619,-108,-100.625
-90.07407407407408,-92.33333333333333,-86.94117647058823,-86.26923076923077,-68.15217391304348,-83.42307692307692,-89.66666666666667,-108,-108,-108,-108,-108,-108,-108,-108,-108,-108,-108,-108,-108,-108,-108,-108,-108,-108,-108,-96.90000000000001,-103.1666666666667,-108,-108
-91.71428571428571,-91.1304347826087,-86.42857142857143,-79.45454545454545,-53.5,-79.65151515151516,-108,-108,-108,-108,-95.42857142857143,-108,-108,-108,-108,-108,-101.3333333333333,-108,-108,-108,-108,-108,-108,-108,-108,-108,-108,-108,-108,-108
-91.19444444444444,-95.47058823529412,-84.59090909090909,-86.55555555555556,-60.09756097560975,-85.09999999999999,-108,-108,-108,-108,-108,-108,-108,-108,-108,-108,-102.1666666666667,-108,-108,-108,-108,-108,-108,-108,-108,-100.1428571428571,-94.44444444444444,-96.3,-95.33333333333333,-104.5
-92.95999999999999,-86.89830508474576,-90.05555555555556,-76.78048780487805,-73.79591836734694,-72.15714285714286,-108,-108,-108,-108,-108,-108,-108,-108,-108,-108,-108,-108,-108,-108,-108,-108,-108,-108,-108,-108,-108,-108,-108,-108
-94.17391304347827,-86.06122448979592,-91.83333333333333,-69.59999999999999,-78.0625,-66.44736842105263,-108,-108,-108,-108,-108,-108,-108,-108,-108,-108,-108,-108,-108,-108,-108,-108,-108,-108,-108,-108,-108,-108,-108,-108
-99.5,-88.88135593220339,-91.65000000000001,-75.3695652173913,-77.43181818181819,-74.90000000000001,-108,-108,-108,-108,-108,-108,-108,-108,-108,-108,-108,-108,-108,-108,-108,-108,-108,-108,-108,-108,-108,-93.55555555555556,-108,-108
-93.38888888888889,-83.96825396825396,-95.36363636363636,-79.86111111111111,-74.33333333333333,-64.171875,-108,-108,-108,-108,-108,-108,-108,-108,-108,-108,-108,-108,-108,-108,-108,-108,-108,-108,-108,-108,-108,-108,-108,-108
-93.94117647058823,-90.6375,-93.63157894736842,-87.46875,-75.27777777777777,-78.48333333333333,-108,-108,-108,-108,-108,-108,-108,-108,-108,-108,-108,-108,-108,-108,-108,-108,-108,-108,-108,-108,-108,-108,-108,-108
-85.29629629629629,-95.17647058823529,-103.5,-106.3333333333333,-108,-108,-84.74418604651163,-80.47297297297297,-95.41666666666667,-102.7142857142857,-108,-108,-108,-108,-108,-108,-108,-108,-108,-108,-108,-108,-108,-108,-91.96774193548387,-98.16666666666667,-82.53731343283582,-79.76190476190476,-95.14285714285714,-78.77142857142857
-84.18333333333334,-90,-99.66666666666667,-106.8333333333333,-108,-108,-89.60416666666667,-86.1639344262295,-93.60869565217391,-99.5,-95.125,-108,-108,-108,-108,-108,-108,-108,-108,-108,-108,-108,-108,-108,-105.6666666666667,-94.75,-82.9672131147541,-88.6046511627907,-98.2,-84.29166666666667
-81.89655172413794,-90.66666666666667,-94.52380952380952,-93.33333333333333,-91.58333333333333,-98.875,-85.20833333333333,-87.54285714285714,-95.28571428571429,-105.6666666666667,-90.95238095238095,-108,-108,-108,-108,-108,-108,-108,-108,-108,-108,-106.1666666666667,-108,-108,-89.62962962962963,-99.85714285714286,-75.26760563380282,-91.67647058823529,-94.64705882352941,-91.11764705882354
-89.26923076923077,-98.75,-108,-108,-108,-108,-92.28333333333333,-78.82022471910112,-91.05882352941177,-101,-108,-108,-108,-108,-108,-108,-108,-108,-108,-108,-108,-108,-108,-108,-94.13333333333334,-108,-89.69117647058823,-87.44285714285714,-101.3333333333333,-87.05405405405405
-94.34939759036145,-106.3333333333333,-108,-108,-108,-108,-100.7777777777778,-71.84795321637426,-85.70469798657719,-93.19354838709677,-93.69565217391305,-108,-108,-108,-108,-108,-108,-108,-108,-108,-108,-108,-108,-108,-99.5,-108,-89.20481927710843,-90.51785714285714,-98.875,-87.42465753424658
-104.3333333333333,-108,-108,-108,-108,-108,-90.91666666666667,-67,-86.52,-81.06896551724138,-91.15384615384616,-108,-108,-108,-108,-108,-108,-108,-108,-108,-108,-108,-108,-108,-108,-108,-99.16666666666667,-106.3333333333333,-104.5714285714286,-85.40000000000001
-108,-108,-108,-108,-108,-108,-108,-78.05882352941177,-69.09999999999999,-83.03614457831326,-91.15555555555555,-108,-108,-108,-108,-108,-108,-108,-108,-108,-108,-108,-108,-108,-108,-108,-108,-108,-108,-92.5625
-108,-108,-108,-108,-108,-108,-108,-108,-108,-108,-108,-108,-108,-108,-108,-108,-108,-108,-108,-108,-108,-108,-108,-108,-108,-108,-108,-108,-108,-108
-103.4285714285714,-108,-108,-108,-108,-108,-96,-62.41584158415841,-80.03846153846153,-85.97058823529412,-91.72499999999999,-108,-108,-108,-108,-108,-108,-108,-108,-108,-108,-108,-108,-108,-108,-100.5,-95.42857142857143,-94.375,-91.21428571428571,-87.15555555555555
-108,-108,-108,-108,-108,-108,-108,-108,-108,-108,-108,-108,-108,-108,-108,-108,-108,-108,-108,-108,-108,-108,-108,-108,-108,-108,-108,-108,-108,-108
-108,-108,-108,-108,-108,-108,-108,-108,-108,-108,-108,-108,-108,-108,-108,-108,-108,-108,-108,-108,-108,-108,-108,-108,-108,-108,-108,-108,-108,-108
-108,-108,-108,-108,-108,-108,-97.28571428571429,-82.69090909090909,-90.40000000000001,-83.53571428571429,-83.43157894736842,-108,-108,-108,-108,-108,-108,-108,-108,-108,-108,-108,-108,-108,-108,-108,-108,-108,-99.375,-94.2
-108,-108,-108,-108,-108,-108,-108,-90.43548387096774,-76.80487804878049,-77.53260869565217,-88.17948717948718,-108,-108,-108,-108,-108,-108,-108,-108,-108,-108,-108,-108,-108,-108,-108,-108,-108,-104.1666666666667,-108
-108,-108,-108,-108,-108,-108,-108,-89.65625,-80.91228070175438,-73.65151515151516,-84.15000000000001,-108,-108,-108,-108,-108,-108,-108,-108,-108,-108,-108,-108,-108,-108,-108,-108,-108,-108,-108
-108,-108,-108,-108,-108,-108,-99.85714285714286,-89.3125,-96.81818181818181,-87.7,-76.42708333333333,-108,-108,-108,-108,-108,-108,-108,-108,-108,-108,-108,-108,-108,-108,-103.4285714285714,-101,-97.90909090909091,-97.125,-85.06349206349206
-108,-108,-108,-108,-108,-108,-106,-90.55072463768116,-96.92857142857143,-92.875,-72.39416058394161,-108,-108,-108,-108,-108,-108,-108,-108,-108,-108,-108,-108,-108,-108,-108,-108,-108,-108,-93.51612903225806
-108,-108,-108,-108,-108,-108,-108,-88.875,-93.28,-87.63636363636364,-68.76335877862596,-108,-108,-108,-108,-108,-108,-108,-108,-102.1666666666667,-108,-108,-108,-108,-106.1666666666667,-108,-104.3333333333333,-108,-92.84999999999999,-93.83333333333333
-108,-108,-108,-108,-108,-108,-108,-91.75,-96.66666666666667,-85.10526315789474,-70.96850393700787,-108,-108,-108,-108,-108,-108,-108,-108,-108,-108,-108,-108,-108,-108,-108,-105.6666666666667,-108,-104.3333333333333,-91.09999999999999
-108,-108,-108,-108,-108,-108,-108,-98.57142857142857,-90.53623188405797,-85.62264150943396,-77.44444444444444,-108,-108,-108,-108,-108,-108,-108,-108,-108,-108,-108,-108,-108,-108,-108,-108,-108,-108,-108
-108,-108,-108,-108,-108,-108,-108,-95.73333333333333,-92.51219512195122,-91.35294117647059,-78.54285714285714,-108,-108,-108,-108,-108,-108,-108,-108,-108,-108,-108,-108,-108,-108,-108,-108,-108,-108,-108
-108,-108,-108,-108,-108,-108,-108,-108,-104,-105,-104,-108,-108,-108,-108,-108,-108,-108,-108,-108,-108,-108,-108,-108,-108,-108,-108,-108,-108,-108
-108,-108,-108,-108,-108,-108,-108,-97.3,-89.13559322033899,-84.73684210526316,-83.92857142857143,-108,-108,-108,-108,-108,-108,-108,-108,-108,-108,-108,-108,-108,-108,-108,-108,-108,-108,-108
-108,-108,-108,-108,-108,-108,-108,-105.8333333333333,-93.80555555555556,-85.41791044776119,-84.16083916083916,-108,-108,-108,-108,-108,-108,-108,-108,-108,-108,-108,-108,-108,-108,-108,-108,-108,-108,-108
-97.90000000000001,-108,-105.8333333333333,-108,-86.88235294117646,-108,-92.40909090909091,-101.2857142857143,-108,-108,-108,-108,-87.21311475409836,-108,-108,-108,-108,-108,-108,-92.58333333333333,-108,-108,-108,-108,-84.96491228070175,-88.42857142857143,-86.18181818181819,-88.8125,-88.0958904109589,-95.53333333333333
-108,-108,-108,-108,-108,-108,-108,-108,-108,-108,-108,-108,-79.18439716312056,-108,-99.25,-102.2857142857143,-98.42857142857143,-108,-108,-93.40000000000001,-108,-108,-108,-108,-91.92307692307692,-94.81481481481481,-96,-102.2857142857143,-89.90384615384616,-108
-108,-108,-108,-108,-102.8333333333333,-108,-108,-108,-108,-108,-108,-108,-71.06140350877193,-108,-90.40909090909091,-88.66666666666667,-90.2,-108,-108,-108,-108,-108,-108,-108,-88.89130434782609,-96.2,-91,-104.3333333333333,-103.6666666666667,-108
-108,-108,-108,-108,-108,-108,-108,-108,-108,-108,-108,-108,-79.99115044247787,-108,-79.16842105263157,-74.91208791208791,-92.83333333333333,-108,-108,-108,-108,-108,-108,-108,-104,-108,-104.5,-95.59999999999999,-108,-108
-108,-108,-108,-108,-108,-108,-108,-108,-108,-108,-108,-108,-87.23255813953489,-108,-70.88297872340425,-77.53086419753086,-90.74285714285715,-108,-108,-108,-108,-108,-108,-108,-108,-108,-108,-108,-108,-108
-108,-108,-108,-108,-108,-108,-108,-108,-108,-108,-108,-108,-85.70370370370371,-108,-77.0618556701031,-82.41379310344827,-89.44736842105263,-108,-108,-108,-108,-108,-108,-108,-108,-108,-108,-98.40000000000001,-108,-108
-108,-108,-108,-108,-108,-108,-108,-108,-108,-108,-108,-108,-83.23148148148148,-108,-77.31818181818181,-68.35802469135803,-92.66666666666667,-108,-108,-108,-108,-108,-108,-108,-108,-108,-108,-101.8333333333333,-108,-108
-108,-108,-108,-108,-95.3,-108,-108,-108,-108,-108,-108,-108,-72.27118644067797,-108,-93.91304347826087,-97,-89.86486486486487,-108,-108,-91.52777777777777,-108,-108,-108,-108,-87.04000000000001,-97.08333333333333,-104.8571428571429,-92.18181818181819,-105.6666666666667,-100.7142857142857
-108,-108,-108,-108,-105.8333333333333,-108,-108,-108,-108,-108,-108,-108,-72.60714285714286,-108,-87.38181818181818,-85.71739130434783,-79.51351351351352,-108,-108,-108,-108,-108,-108,-108,-98.42857142857143,-93.875,-106,-96.3,-108,-108
-108,-108,-108,-108,-108,-108,-108,-108,-108,-108,-108,-108,-87.83333333333333,-108,-83.58,-85.80722891566265,-84.71875,-108,-108,-108,-108,-108,-108,-108,-108,-106.1666666666667,-108,-108,-108,-108
-108,-108,-108,-108,-108,-108,-108,-108,-108,-108,-108,-108,-88.52173913043478,-108,-70.29523809523809,-75.34736842105264,-88.21951219512195,-108,-108,-108,-108,-108,-108,-108,-108,-108,-108,-108,-108,-108
-108,-108,-108,-108,-108,-108,-108,-108,-108,-108,-108,-108,-90.34285714285714,-108,-63.35051546391752,-73.55813953488372,-88.01923076923077,-108,-108,-108,-108,-108,-108,-108,-108,-108,-108,-108,-108,-108
-108,-108,-108,-108,-108,-108,-108,-108,-108,-108,-108,-108,-90.89189189189189,-108,-78.92941176470588,-70.11290322580645,-87.55555555555556,-108,-108,-108,-108,-108,-108,-108,-108,-108,-108,-108,-108,-108
-108,-108,-108,-108,-108,-108,-108,-108,-108,-108,-108,-108,-92.46153846153847,-108,-78.08571428571429,-69.72477064220183,-91.56756756756756,-108,-108,-108,-108,-108,-108,-108,-108,-108,-108,-108,-108,-108
-108,-108,-108,-108,-108,-108,-108,-108,-108,-108,-108,-108,-105.5,-108,-88.22891566265061,-79.5952380952381,-97.14285714285714,-108,-108,-108,-108,-108,-108,-108,-108,-108,-108,-98.77777777777777,-108,-108
-108,-108,-108,-108,-108,-108,-95.59999999999999,-108,-108,-101.8333333333333,-108,-108,-93.23999999999999,-108,-93.21428571428571,-89.82926829268293,-70.27619047619048,-108,-108,-108,-108,-108,-108,-108,-97.55555555555556,-100.6666666666667,-108,-108,-92.95833333333333,-103.5
-108,-108,-108,-108,-105.6666666666667,-108,-108,-108,-108,-108,-108,-108,-87.47169811320755,-108,-91.27659574468085,-88.21153846153847,-61.19767441860465,-108,-108,-108,-108,-108,-108,-108,-104,-100.3333333333333,-98.77777777777777,-108,-108,-105.6666666666667
-108,-108,-108,-108,-108,-108,-108,-108,-108,-108,-108,-108,-91.66666666666667,-108,-88.55952380952381,-84.31999999999999,-70.3177570093458,-108,-108,-108,-108,-108,-108,-108,-108,-108,-108,-108,-104.1666666666667,-108
-108,-108,-108,-108,-108,-108,-108,-108,-108,-108,-108,-108,-97.57142857142857,-108,-80.82075471698113,-77.42990654205607,-77.33333333333333,-108,-108,-108,-108,-108,-108,-108,-108,-108,-108,-108,-108,-108
-108,-108,-108,-108,-108,-108,-108,-108,-108,-108,-108,-108,-92.40000000000001,-108,-72.85294117647059,-76.70370370370371,-83.9375,-108,-108,-108,-108,-108,-108,-108,-108,-108,-108,-108,-108,-108
-108,-108,-108,-108,-108,-108,-108,-108,-108,-108,-108,-108,-92.16,-108,-81.44578313253012,-80.65753424657534,-85.48333333333333,-108,-108,-108,-108,-108,-108,-108,-108,-108,-108,-108,-108,-108
-108,-108,-108,-108,-108,-108,-108,-108,-108,-108,-108,-108,-101,-108,-79.13761467889908,-71.50434782608696,-83.1685393258427,-108,-108,-108,-108,-108,-108,-108,-108,-108,-108,-108,-108,-108
-99,-108,-94.05555555555556,-95.875,-90.29166666666667,-108,-106.3333333333333,-108,-108,-108,-108,-108,-90.2,-108,-106.1666666666667,-108,-108,-108,-108,-89.6875,-106.1666666666667,-108,-108,-108,-86.4054054054054,-87.81818181818181,-90.63636363636364,-84.95918367346938,-83.30985915492958,-100.75
-99.5,-108,-108,-108,-104.1428571428571,-108,-108,-108,-108,-108,-108,-108,-91.73529411764706,-108,-89.44444444444444,-94.66666666666667,-100.8333333333333,-108,-108,-90.28571428571429,-98.5,-102.4285714285714,-100.7142857142857,-108,-92.80952380952381,-95.25,-91.33333333333333,-106.8333333333333,-94.78571428571429,-105.6666666666667
-108,-108,-108,-108,-108,-108,-108,-108,-108,-108,-108,-108,-86.18666666666667,-108,-99.5,-108,-108,-108,-108,-88.61538461538461,-98.71428571428571,-108,-108,-108,-92.73333333333333,-92.75862068965517,-101.6666666666667,-106,-93.33333333333333,-108
-108,-108,-108,-108,-108,-108,-108,-108,-108,-108,-108,-108,-94.09999999999999,-108,-90.44117647058823,-101.5,-108,-108,-108,-91.55172413793103,-91.96153846153847,-93.36,-93.675,-97.23076923076923,-102.2857142857143,-93.14583333333333,-96.21428571428571,-108,-96.375,-91.05555555555556
-105.8333333333333,-108,-102.125,-108,-101.6666666666667,-108,-108,-108,-108,-108,-108,-108,-100.1666666666667,-108,-108,-108,-108,-108,-108,-78.62121212121212,-101.3333333333333,-108,-108,-108,-92.75,-87.06557377049181,-93.5,-94.41666666666667,-89.14754098360656,-96.18181818181819
-108,-108,-102.2222222222222,-108,-106.5,-108,-108,-108,-108,-108,-108,-108,-100.625,-108,-108,-108,-108,-108,-108,-84.79268292682927,-108,-108,-108,-108,-96.41666666666667,-86.72839506172839,-106.5,-108,-92.14,-108
-108,-108,-108,-108,-108,-108,-108,-96.40000000000001,-108,-108,-108,-108,-93.62,-108,-108,-108,-108,-108,-108,-65.19123505976096,-86.3936170212766,-91.80740740740741,-96.8,-93.95121951219512,-108,-92.03703703703704,-105.8333333333333,-108,-87.404,-108
-108,-108,-108,-108,-108,-108,-108,-108,-108,-108,-108,-108,-108,-108,-108,-108,-108,-108,-108,-74.14423076923077,-80.23711340206185,-86.25663716814159,-81.71171171171171,-78.82894736842105,-108,-108,-108,-108,-94.02857142857142,-108
-108,-108,-108,-108,-108,-108,-108,-108,-108,-108,-108,-108,-108,-108,-108,-108,-108,-108,-108,-83.63333333333334,-60.58241758241758,-77.67619047619047,-80.62650602409639,-85.5925925925926,-108,-108,-108,-108,-99.66666666666667,-108
-108,-108,-101.125,-108,-103.5,-108,-108,-108,-108,-108,-108,-108,-84.78205128205128,-108,-108,-108,-108,-108,-108,-78.76923076923077,-91.59999999999999,-95.94117647058823,-108,-90.76470588235294,-108,-96.45454545454545,-108,-108,-91.02941176470588,-102.5714285714286
-108,-108,-108,-108,-108,-108,-108,-108,-108,-108,-108,-108,-108,-108,-108,-108,-108,-108,-108,-86.4225352112676,-85.40322580645162,-86.34745762711864,-89.85714285714286,-87.38,-108,-108,-108,-108,-92.28846153846153,-108
-108,-108,-108,-108,-108,-108,-108,-108,-108,-108,-108,-108,-108,-108,-108,-108,-108,-108,-108,-80.2183908045977,-89.625,-87.34999999999999,-91.71875,-87.79032258064517,-108,-108,-108,-108,-89.08571428571429,-105.6666666666667
-108,-108,-108,-108,-108,-108,-108,-108,-108,-108,-108,-108,-108,-108,-108,-108,-108,-108,-108,-88.09999999999999,-87.70454545454545,-86.62903225806451,-88.88679245283019,-77.25,-108,-108,-108,-108,-94.28571428571429,-108
-108,-108,-108,-108,-108,-108,-108,-108,-108,-108,-108,-108,-108,-108,-108,-108,-108,-108,-108,-92.67567567567568,-81.33734939759036,-79.04511278195488,-78.62025316455696,-78.45121951219512,-108,-108,-108,-108,-106.6666666666667,-108
-108,-108,-108,-108,-108,-108,-108,-108,-108,-108,-108,-108,-108,-108,-108,-108,-108,-108,-108,-91.5,-78.03496503496504,-77.42553191489361,-81.87012987012987,-71.14150943396227,-108,-108,-108,-108,-108,-108
-108,-108,-108,-108,-108,-108,-108,-108,-108,-108,-108,-108,-108,-108,-108,-108,-96.3,-108,-108,-90.64912280701755,-97.71428571428571,-91.53191489361703,-85.14634146341463,-90.9375,-108,-98.22222222222223,-108,-95.5,-88.70422535211267,-97
-108,-108,-99.5,-108,-108,-108,-108,-108,-108,-108,-108,-108,-108,-108,-108,-108,-108,-108,-108,-91.23333333333333,-89.5,-93.36363636363636,-78.96907216494846,-85.72222222222223,-108,-103.8333333333333,-108,-106.1666666666667,-94.47058823529412,-103.5
-108,-108,-108,-108,-108,-108,-108,-106,-108,-108,-105.1666666666667,-108,-108,-108,-108,-108,-108,-108,-108,-92.84210526315789,-86.36,-88.19230769230769,-75.44565217391305,-81.6989247311828,-108,-108,-108,-108,-92.18181818181819,-108
-108,-108,-108,-108,-108,-108,-108,-108,-108,-108,-108,-108,-108,-108,-108,-108,-108,-108,-108,-95.21428571428571,-85.99137931034483,-78.28682170542636,-77.29761904761905,-75.59615384615384,-108,-108,-108,-108,-108,-108
-108,-108,-108,-108,-108,-108,-108,-108,-108,-108,-108,-108,-108,-108,-108,-108,-108,-108,-108,-93.8780487804878,-82.87786259541984,-79.17985611510791,-76.53921568627452,-72.50537634408602,-108,-108,-108,-108,-108,-108
-108,-108,-108,-108,-108,-108,-108,-108,-108,-108,-108,-108,-108,-108,-108,-108,-108,-108,-108,-95.58333333333333,-80.03361344537815,-79.53146853146853,-65.31111111111112,-71.32967032967034,-108,-108,-108,-108,-108,-108
-108,-108,-108,-108,-108,-108,-108,-108,-108,-108,-108,-108,-108,-108,-108,-108,-108,-108,-108,-108,-90.66666666666667,-87.17293233082707,-85.10843373493977,-82.3780487804878,-108,-108,-108,-108,-108,-108
-94.5,-102.3333333333333,-101.7142857142857,-108,-101.5,-108,-106,-97.44444444444444,-108,-108,-106.3333333333333,-108,-88.64583333333333,-108,-96.90000000000001,-91.5,-89.2280701754386,-108,-108,-105.8333333333333,-108,-108,-108,-108,-88.34042553191489,-88.82432432432432,-85.55263157894737,-82.27027027027027,-89.59375,-92.58064516129032
-108,-108,-108,-108,-108,-108,-108,-105.3333333333333,-108,-108,-108,-108,-105.5,-108,-92.26829268292683,-96.16666666666667,-108,-108,-108,-93.62962962962963,-87.96428571428571,-95.94736842105263,-94.26666666666667,-93.5,-97.08333333333333,-93.46153846153847,-108,-101.875,-104.8571428571429,-90.76000000000001
-108,-108,-108,-108,-108,-108,-108,-108,-108,-108,-108,-108,-108,-108,-108,-108,-108,-108,-108,-108,-108,-108,-108,-108,-108,-108,-108,-108,-108,-108
-108,-108,-108,-108,-108,-108,-108,-108,-108,-108,-108,-108,-108,-108,-108,-108,-108,-108,-108,-108,-108,-108,-108,-108,-108,-108,-108,-108,-108,-108
-94.23076923076923,-105.5,-95.8,-108,-95,-108,-92,-91.2,-99.77777777777777,-108,-108,-108,-93.625,-108,-108,-108,-96.625,-108,-108,-94.77777777777777,-108,-108,-108,-108,-88.56,-73.45238095238095,-79.91208791208791,-88.53623188405797,-87.27586206896552,-91.39393939393939
-89.26315789473684,-103.8333333333333,-97,-99.88888888888889,-96.73333333333333,-108,-91.37142857142857,-100.5,-108,-108,-91.29629629629629,-108,-92.25,-108,-106.5,-95.90000000000001,-89.92,-108,-108,-106.1666666666667,-108,-108,-108,-108,-93.52631578947368,-89.57142857142857,-79.77777777777777,-74.62711864406779,-91.68421052631579,-89.29411764705883
-88.16129032258064,-108,-89.75,-108,-91.73333333333333,-108,-92.5,-92.54545454545455,-105.6666666666667,-108,-96.25,-108,-93.61538461538461,-108,-108,-108,-101.1428571428571,-108,-108,-100.3333333333333,-108,-108,-108,-108,-85.58974358974359,-85.075,-69.29464285714286,-82.4245283018868,-87.81818181818181,-79.70588235294117
-94.625,-94.18181818181819,-96.40000000000001,-93.8125,-92.83333333333333,-108,-103.6666666666667,-107,-108,-108,-108,-108,-91.07142857142857,-108,-108,-108,-105.8333333333333,-108,-108,-108,-108,-108,-108,-108,-106.3333333333333,-92.34782608695652,-84.52702702702703,-75.10810810810811,-95.92857142857143,-92.11764705882354
-88.66666666666667,-106.3333333333333,-108,-108,-108,-108,-87.04878048780488,-89.06122448979592,-99.85714285714286,-98,-101.5,-108,-102.5714285714286,-108,-108,-108,-104.4285714285714,-108,-108,-103.1428571428571,-108,-108,-108,-108,-92,-90.83333333333333,-84.09090909090909,-86.96491228070175,-91.80769230769231,-79.24193548387096
-94.58333333333333,-88.625,-108,-92.42857142857143,-108,-103.4285714285714,-108,-108,-108,-108,-108,-108,-97.55555555555556,-108,-108,-108,-99.55555555555556,-108,-108,-108,-108,-108,-108,-108,-105.8333333333333,-101.6666666666667,-96.16666666666667,-85.40697674418605,-108,-108
-94.58333333333333,-88.625,-108,-92.42857142857143,-108,-103.4285714285714,-108,-108,-108,-108,-108,-108,-97.55555555555556,-108,-108,-108,-99.55555555555556,-108,-108,-108,-108,-108,-108,-108,-105.8333333333333,-101.6666666666667,-96.16666666666667,-85.40697674418605,-108,-108
-108,-108,-108,-108,-108,-108,-108,-93.48979591836735,-80.87654320987654,-93.46666666666667,-108,-108,-108,-108,-108,-108,-108,-108,-108,-108,-108,-108,-108,-108,-108,-108,-108,-108,-91.78947368421052,-108
-96.18181818181819,-102,-92.68421052631579,-108,-92.92307692307692,-108,-90.64285714285714,-87.77777777777777,-98.5,-99.57142857142857,-89.73846153846154,-108,-93.28571428571429,-108,-108,-108,-94.58333333333333,-108,-108,-102.6666666666667,-108,-108,-108,-108,-91.38461538461539,-84.28571428571429,-82.84999999999999,-87.47058823529412,-83.23913043478261,-79.8
-94.58823529411765,-103.8333333333333,-92.30769230769231,-108,-108,-108,-87.28571428571429,-83.6875,-98.09090909090909,-97.90000000000001,-89.59999999999999,-108,-89.25,-108,-108,-108,-91.07142857142857,-108,-108,-99,-108,-108,-108,-108,-89.05555555555556,-83.05,-76.76041666666667,-88.11428571428571,-82.13207547169812,-84.03389830508475
-108,-108,-108,-108,-108,-108,-102.5,-100.2222222222222,-92.76923076923077,-108,-108,-108,-108,-108,-108,-108,-106.6666666666667,-108,-108,-103.8333333333333,-108,-104.8571428571429,-108,-108,-99.09999999999999,-89.84905660377359,-92.11627906976744,-95,-93.375,-97.33333333333333
-98.5,-108,-94.73333333333333,-108,-108,-108,-92.81818181818181,-89.70967741935483,-103,-98.25,-90.81481481481481,-108,-108,-108,-108,-108,-92.89473684210526,-108,-108,-106.3333333333333,-108,-108,-108,-108,-90.3170731707317,-85.4235294117647,-89.30952380952381,-89.71698113207547,-86.77551020408163,-85.39726027397261
-89.53125,-93.25,-94.47368421052632,-108,-98.09999999999999,-108,-89.57232704402516,-88.74468085106383,-94.76923076923077,-94.68571428571428,-86.77083333333333,-108,-93.68888888888888,-108,-108,-108,-91.87912087912088,-108,-108,-94.72499999999999,-108,-108,-108,-108,-89.77922077922078,-74.30685920577618,-88.38916256157636,-88.25324675324676,-87.24698795180723,-83.63687150837988
-92.93333333333334,-108,-94.90909090909091,-108,-91,-108,-103.1666666666667,-91.66666666666667,-108,-108,-98.66666666666667,-108,-90.40000000000001,-108,-108,-108,-91.59999999999999,-108,-108,-96,-108,-103.5714285714286,-108,-108,-82.91666666666667,-71.04651162790698,-85.96153846153847,-88.29629629629629,-81.17857142857143,-88.5
-94.40000000000001,-108,-102.5,-108,-97.7,-108,-89.14285714285714,-91.5,-108,-98.15384615384616,-88.90322580645162,-108,-104,-108,-108,-108,-89.77272727272727,-108,-108,-95.2,-108,-97.15384615384616,-108,-108,-84.83333333333333,-75.89795918367346,-88.27450980392157,-87.42424242424242,-79.40000000000001,-85.05769230769231
-103,-108,-108,-108,-102.1666666666667,-108,-95.11111111111111,-88.375,-95.40000000000001,-96.88888888888889,-90.12903225806451,-108,-99,-108,-108,-108,-91.65625,-108,-108,-98,-108,-91.84375,-108,-108,-89.96428571428571,-83.6046511627907,-88.7948717948718,-91.73333333333333,-81.05555555555556,-86.06976744186046
-108,-108,-100.375,-108,-101.5,-108,-88.11111111111111,-90.71875,-103.5,-93.57142857142857,-91.38888888888889,-108,-96.25,-108,-108,-108,-93.7,-108,-108,-92.37209302325581,-102.3333333333333,-92.35897435897436,-108,-108,-92.61904761904762,-85.92063492063492,-89.84375,-93.38461538461539,-82.78461538461538,-87.8974358974359
-108,-108,-108,-108,-105.6666666666667,-108,-94.41666666666667,-103.5714285714286,-95.66666666666667,-104.6666666666667,-96.57142857142857,-108,-108,-108,-108,-108,-108,-108,-108,-95.5,-108,-101.375,-108,-108,-89.69230769230769,-84.17699115044248,-94.09090909090909,-91.5625,-90.67567567567568,-89.15555555555555
-108,-108,-108,-108,-108,-108,-108,-108,-101.1428571428571,-108,-108,-108,-108,-108,-108,-108,-108,-108,-108,-97.3,-94.0625,-92.47272727272727,-94.63636363636364,-105.4285714285714,-108,-94.35714285714286,-108,-108,-108,-103.2857142857143
-89.84999999999999,-106.1666666666667,-95.33333333333333,-104,-91.27272727272727,-108,-89.8,-91.2,-108,-108,-100.1428571428571,-108,-87.71111111111111,-108,-108,-108,-86.57971014492753,-108,-108,-93.15789473684211,-108,-108,-108,-108,-72.64179104477611,-79.04054054054055,-82.41791044776119,-87.59649122807018,-85.71875,-90.75862068965517
-108,-108,-108,-108,-108,-108,-108,-108,-108,-108,-108,-108,-106.5,-108,-94.72972972972973,-108,-108,-108,-108,-104.5,-104.1428571428571,-108,-99.5,-108,-108,-95,-108,-108,-108,-92.82142857142857
-78.92982456140351,-95.3125,-91.11111111111111,-102.2857142857143,-90.03703703703704,-108,-91.03448275862068,-93.07142857142857,-106.3333333333333,-108,-108,-108,-93.07142857142857,-108,-108,-108,-89.80952380952381,-108,-108,-108,-108,-108,-108,-108,-88.11538461538461,-90.39130434782609,-69.05208333333333,-76.3625,-89.81818181818181,-82.48571428571428
-108,-108,-108,-108,-108,-108,-108,-93.16326530612245,-92.2051282051282,-99.2,-108,-108,-108,-108,-108,-108,-108,-108,-108,-108,-108,-106.5,-108,-108,-108,-108,-108,-108,-90.28301886792453,-108
-88.7421875,-94.97101449275362,-109,-106.3333333333333,-109,-109,-95.42,-90.84999999999999,-109,-109,-109,-109,-109,-109,-109,-109,-109,-109,-109,-109,-109,-109,-109,-109,-109,-109,-92.68888888888888,-94.39130434782609,-96.5,-86.08910891089108
-78.21290322580646,-87.28448275862068,-91,-93.18987341772151,-109,-109,-103,-109,-109,-109,-109,-109,-109,-109,-109,-109,-109,-109,-109,-109,-109,-109,-109,-109,-109,-109,-89.82727272727273,-95.18181818181819,-109,-92.41509433962264
-77.88235294117646,-89.19230769230769,-87.94366197183099,-90.38235294117646,-94.48076923076923,-109,-92.5,-109,-109,-109,-109,-109,-109,-109,-109,-109,-109,-109,-109,-109,-109,-109,-109,-109,-109,-107.5,-90.01298701298701,-90.49166666666666,-109,-109
-77.98203592814372,-84.32098765432099,-93.90909090909091,-80.54146341463415,-102,-86.51851851851852,-109,-109,-109,-109,-109,-109,-109,-109,-109,-109,-109,-109,-109,-109,-109,-109,-109,-109,-109,-109,-97,-107.3333333333333,-109,-109
-84.74166666666666,-87.68571428571428,-93.13333333333334,-79.296875,-99.16666666666667,-91.27826086956522,-109,-109,-109,-109,-109,-109,-109,-109,-109,-109,-109,-109,-109,-109,-109,-109,-109,-109,-109,-109,-109,-105.2857142857143,-109,-109
-87.46625766871166,-88.52941176470588,-104.2857142857143,-86.81443298969072,-109,-97.8,-109,-109,-109,-109,-109,-109,-109,-109,-109,-109,-109,-109,-109,-109,-109,-109,-109,-109,-109,-109,-109,-101.625,-109,-109
-84.24468085106383,-77.64220183486239,-90.6774193548387,-90.66447368421052,-94.90000000000001,-96.21052631578948,-109,-109,-109,-109,-109,-109,-109,-109,-109,-109,-109,-109,-109,-109,-109,-109,-109,-109,-109,-109,-109,-109,-109,-109
-84.5,-78.41573033707866,-92.45454545454545,-81.34117647058824,-92.46511627906976,-90.48979591836735,-109,-109,-109,-109,-109,-109,-109,-109,-109,-109,-109,-109,-109,-109,-109,-109,-109,-109,-109,-109,-109,-109,-109,-109
-89.04545454545455,-95.31999999999999,-92.57142857142857,-98.14285714285714,-107.3333333333333,-109,-86.12698412698413,-96.88461538461539,-109,-109,-109,-109,-109,-109,-109,-109,-109,-109,-109,-109,-109,-109,-109,-109,-109,-109,-95.88888888888889,-99.625,-109,-109
-84.20261437908496,-93.17647058823529,-83.16216216216216,-93.5,-90.6030534351145,-109,-88.74380165289256,-109,-109,-109,-109,-109,-109,-109,-109,-109,-106.8333333333333,-109,-109,-109,-109,-109,-109,-109,-95.35714285714286,-109,-94.43478260869566,-109,-109,-109
-79.62176165803109,-86.06802721088435,-81.07299270072993,-80.0934065934066,-82.375,-88.30392156862744,-109,-109,-109,-109,-109,-109,-109,-109,-109,-109,-109,-109,-109,-109,-109,-109,-109,-109,-109,-109,-97.14285714285714,-109,-109,-109
-87.51937984496124,-92.60869565217391,-79.80272108843538,-88.77443609022556,-82.41081081081082,-92.96153846153847,-109,-109,-109,-109,-109,-109,-109,-109,-109,-109,-105.3333333333333,-109,-109,-109,-109,-109,-109,-109,-109,-109,-92.88785046728972,-94,-109,-95.27777777777777
-91.24161073825503,-83.2547770700637,-84.80898876404494,-81.71264367816092,-87.875,-85.25185185185185,-109,-109,-109,-109,-109,-109,-109,-109,-109,-109,-109,-109,-109,-109,-109,-109,-109,-109,-109,-109,-109,-109,-109,-109
-94.22916666666667,-90.36363636363636,-89.73134328358209,-82.54143646408839,-94.26190476190476,-83.54014598540147,-109,-109,-109,-109,-109,-109,-109,-109,-109,-109,-109,-109,-109,-109,-109,-109,-109,-109,-109,-109,-109,-102.7142857142857,-109,-109
-93.5,-91.82905982905983,-90.9622641509434,-83.56571428571428,-94.50847457627118,-87.70731707317073,-109,-109,-109,-109,-109,-109,-109,-109,-109,-109,-109,-109,-109,-109,-109,-109,-109,-109,-109,-109,-109,-109,-109,-109
-92.20952380952382,-86.46706586826348,-89.62295081967213,-72.49339207048457,-91.36986301369863,-86.9074074074074,-109,-109,-109,-109,-109,-109,-109,-109,-109,-109,-109,-109,-109,-109,-109,-109,-109,-109,-109,-109,-109,-109,-109,-109
-94.54285714285714,-83.35393258426966,-86.91566265060241,-82.06282722513089,-92.75510204081633,-91.90990990990991,-109,-109,-109,-109,-109,-109,-109,-109,-109,-109,-109,-109,-109,-109,-109,-109,-109,-109,-109,-109,-109,-109,-109,-109
-94.54545454545455,-109,-85.23,-94.64788732394366,-89.55151515151515,-97.40000000000001,-94.46666666666667,-109,-109,-109,-109,-109,-109,-109,-109,-109,-109,-109,-109,-109,-109,-109,-109,-109,-109,-109,-95.14285714285714,-93.5,-109,-99.90000000000001
-94.25714285714285,-109,-87.56382978723404,-96.41791044776119,-78.35294117647059,-92.04109589041096,-109,-109,-109,-109,-109,-109,-109,-109,-109,-109,-109,-109,-109,-109,-109,-109,-109,-109,-109,-109,-109,-109,-109,-109
-93.73684210526316,-106.1666666666667,-88.07058823529412,-89.84353741496598,-71.19730941704036,-89.38571428571429,-109,-109,-109,-109,-109,-109,-109,-109,-109,-109,-109,-109,-109,-109,-109,-109,-109,-109,-109,-109,-109,-109,-109,-109
-96.07142857142857,-107.5,-88.64556962025317,-92.33333333333333,-70.14646464646465,-89.34653465346534,-109,-109,-109,-109,-109,-109,-109,-109,-109,-109,-109,-109,-109,-109,-109,-109,-109,-109,-109,-109,-95,-93.75,-98.25,-98.42857142857143
-98.11111111111111,-94.01851851851852,-94.45161290322581,-87.39512195121951,-80.29047619047618,-85.75483870967741,-109,-109,-109,-109,-109,-109,-109,-109,-109,-109,-109,-109,-109,-109,-109,-109,-109,-109,-109,-109,-109,-109,-109,-109
-109,-94.76785714285714,-94.3225806451613,-80.14285714285714,-89.27428571428571,-75.32065217391305,-109,-109,-109,-109,-109,-109,-109,-109,-109,-109,-109,-109,-109,-109,-109,-109,-109,-109,-109,-109,-109,-109,-109,-109
-109,-97.84615384615384,-101.3333333333333,-81.41624365482234,-88.03409090909091,-82.76363636363637,-109,-109,-109,-109,-109,-109,-109,-109,-109,-109,-109,-109,-109,-109,-109,-109,-109,-109,-109,-109,-109,-109,-109,-109
-107.6666666666667,-92.26041666666667,-98.52631578947368,-85.93896713615024,-79.16901408450704,-84.26993865030674,-109,-109,-109,-109,-109,-109,-109,-109,-109,-109,-109,-109,-109,-109,-109,-109,-109,-109,-109,-109,-109,-109,-109,-109
-109,-95.7741935483871,-98.73913043478261,-93.93333333333334,-81.90049751243781,-80.01694915254237,-109,-109,-109,-109,-109,-109,-109,-109,-109,-109,-109,-109,-109,-109,-109,-109,-109,-109,-109,-109,-109,-109,-109,-109
-93.53333333333333,-107.6666666666667,-109,-109,-109,-109,-92.21739130434783,-88.16129032258064,-109,-109,-109,-109,-109,-109,-109,-109,-109,-109,-109,-109,-109,-109,-109,-109,-105.3333333333333,-109,-86.79310344827586,-85.06557377049181,-109,-89.27272727272727
-90.96428571428571,-102.75,-109,-109,-109,-109,-94,-94.33962264150944,-102.6666666666667,-109,-109,-109,-109,-109,-109,-109,-109,-109,-109,-109,-109,-109,-109,-109,-109,-109,-94.46153846153847,-93.83333333333333,-109,-95.88888888888889
-89.43918918918919,-99.125,-109,-109,-97.09090909090909,-109,-91.5,-98.11111111111111,-95.52,-109,-95.54545454545455,-109,-109,-109,-109,-109,-109,-109,-109,-109,-109,-109,-109,-109,-101.375,-109,-86.67241379310344,-95.95999999999999,-109,-95.46153846153847
-91.94594594594595,-109,-109,-109,-109,-109,-93.20408163265306,-87.75,-109,-109,-109,-109,-109,-109,-109,-109,-109,-109,-109,-109,-109,-109,-109,-109,-94.87037037037037,-109,-95.14,-81.84042553191489,-109,-87.58461538461539
-92.08333333333333,-98.75,-109,-109,-109,-109,-109,-81.26744186046511,-95.03571428571429,-100.8,-109,-109,-109,-109,-109,-109,-109,-109,-109,-109,-109,-109,-109,-109,-109,-109,-93.65625,-90.76470588235294,-109,-93.76000000000001
-109,-109,-109,-109,-109,-109,-105,-76.24736842105263,-89.52727272727273,-91.45999999999999,-95.73529411764706,-109,-109,-109,-109,-109,-109,-109,-109,-109,-109,-109,-109,-109,-109,-109,-109,-109,-109,-91.97058823529412
-109,-109,-109,-109,-109,-109,-109,-86.66666666666667,-76.24657534246575,-92.7,-109,-109,-109,-109,-109,-109,-109,-109,-109,-109,-109,-109,-109,-109,-109,-109,-109,-109,-109,-102.5714285714286
-109,-109,-109,-109,-109,-109,-109,-92.27950310559007,-88.97345132743362,-87.44954128440367,-109,-109,-109,-109,-109,-109,-109,-109,-109,-109,-109,-109,-109,-109,-109,-109,-109,-109,-109,-109
-109,-109,-109,-109,-109,-109,-109,-65.29468599033817,-82.86206896551724,-85.925,-98.7,-109,-109,-109,-109,-109,-109,-109,-109,-109,-109,-109,-109,-109,-109,-109,-107.3333333333333,-95.82608695652173,-109,-95.17333333333333
-109,-109,-109,-109,-109,-109,-88.71621621621621,-86.13541666666667,-109,-103.5714285714286,-103.1666666666667,-109,-109,-109,-109,-109,-109,-109,-109,-109,-109,-109,-109,-109,-109,-109,-102.6666666666667,-109,-109,-90.43103448275862
-109,-109,-109,-109,-109,-109,-93.72,-82.58585858585859,-94.01886792452831,-91.98076923076923,-91.75700934579439,-109,-109,-109,-109,-109,-109,-109,-109,-109,-109,-109,-109,-109,-109,-109,-109,-109,-109,-92.38571428571429
-109,-109,-109,-109,-109,-109,-109,-86.82530120481928,-90.43137254901961,-87.10526315789474,-86.46198830409357,-109,-109,-109,-109,-109,-109,-109,-109,-109,-109,-109,-109,-109,-109,-109,-109,-109,-109,-106.8333333333333
-109,-109,-109,-109,-109,-109,-109,-94.14285714285714,-82.49019607843137,-82.51020408163265,-94.71014492753623,-109,-109,-109,-109,-109,-109,-109,-109,-109,-109,-109,-109,-109,-109,-109,-109,-109,-109,-109
-109,-109,-109,-109,-109,-109,-109,-94.34146341463415,-86.01923076923077,-81.97196261682242,-94.19736842105263,-109,-109,-109,-109,-109,-109,-109,-109,-109,-109,-109,-109,-109,-109,-109,-109,-109,-109,-109
-109,-109,-109,-109,-109,-109,-109,-95.11538461538461,-109,-90.93333333333334,-86.14857142857143,-109,-109,-109,-109,-109,-109,-109,-109,-109,-109,-109,-109,-109,-109,-109,-109,-109,-109,-90.84810126582279
-109,-109,-109,-109,-109,-109,-109,-92.95348837209302,-106.5,-91.95999999999999,-71.48165137614679,-109,-109,-109,-109,-109,-109,-109,-109,-109,-109,-109,-109,-109,-109,-109,-109,-109,-109,-98.71428571428571
-109,-109,-109,-109,-109,-109,-109,-93.82666666666667,-102.125,-92.75,-72.13690476190476,-109,-109,-109,-109,-109,-109,-109,-109,-109,-109,-109,-109,-109,-109,-109,-109,-109,-109,-100.5
-109,-109,-109,-109,-109,-109,-109,-94.91836734693878,-109,-88.74489795918367,-69.20642201834862,-109,-109,-109,-109,-109,-109,-109,-109,-109,-109,-109,-109,-109,-109,-109,-95.79166666666667,-96.59999999999999,-107.1666666666667,-95.98275862068965
-109,-109,-109,-109,-109,-109,-109,-109,-92.11363636363636,-88.4390243902439,-81.48743718592965,-109,-109,-109,-109,-109,-109,-109,-109,-109,-109,-109,-109,-109,-109,-109,-109,-109,-109,-109
-109,-109,-109,-109,-109,-109,-109,-103,-93.35135135135135,-94.16326530612245,-86.08333333333333,-109,-109,-109,-109,-109,-109,-109,-109,-109,-109,-109,-109,-109,-109,-109,-109,-109,-109,-109
-109,-109,-109,-109,-109,-109,-109,-106,-93.79104477611941,-90.91549295774648,-88.04117647058824,-109,-109,-109,-109,-109,-109,-109,-109,-109,-109,-109,-109,-109,-109,-109,-109,-109,-109,-109
-109,-109,-109,-109,-109,-109,-109,-109,-91.47058823529412,-85.16666666666667,-88.50694444444444,-109,-109,-109,-109,-109,-109,-109,-109,-109,-109,-109,-109,-109,-109,-109,-109,-109,-109,-109
-109,-109,-109,-109,-109,-109,-109,-109,-99.375,-83.71153846153847,-84.33165829145729,-109,-109,-109,-109,-109,-109,-109,-109,-109,-109,-109,-109,-109,-109,-109,-109,-109,-109,-109
-109,-109,-109,-109,-94.14285714285714,-109,-109,-109,-109,-109,-109,-109,-93.92105263157895,-109,-109,-109,-109,-109,-109,-96,-109,-109,-109,-109,-92.45,-99,-94.93333333333334,-104.5714285714286,-94.38181818181818,-106.6666666666667
-109,-109,-109,-109,-109,-109,-109,-109,-109,-109,-109,-109,-84.33187772925764,-109,-109,-109,-107.3333333333333,-109,-109,-109,-109,-109,-109,-109,-106.8333333333333,-98.58333333333333,-109,-109,-102.2857142857143,-109
-109,-109,-109,-109,-109,-109,-109,-109,-109,-109,-109,-109,-76.47368421052632,-109,-97,-94.14705882352941,-101.6666666666667,-109,-109,-109,-109,-109,-109,-109,-97.76923076923077,-107.6666666666667,-94.28125,-109,-109,-109
-109,-109,-109,-109,-109,-109,-109,-109,-109,-109,-109,-109,-92.83870967741936,-109,-92.06481481481481,-83.87234042553192,-109,-109,-109,-109,-109,-109,-109,-109,-109,-109,-109,-109,-109,-109
-109,-109,-109,-109,-109,-109,-109,-109,-109,-109,-109,-109,-95.52380952380952,-109,-80.14606741573034,-84.34246575342466,-109,-109,-109,-109,-109,-109,-109,-109,-109,-109,-109,-109,-109,-109
-109,-109,-109,-109,-109,-109,-109,-109,-109,-109,-109,-109,-92.56756756756756,-109,-84.14917127071823,-86.61224489795919,-94.52941176470588,-109,-109,-109,-109,-109,-109,-109,-109,-109,-109,-109,-109,-109
-109,-109,-109,-109,-109,-109,-109,-109,-109,-109,-109,-109,-87.07462686567165,-109,-85.95808383233533,-85.09714285714286,-105.1666666666667,-109,-109,-109,-109,-109,-109,-109,-109,-109,-109,-109,-109,-109
-109,-109,-109,-109,-109,-109,-109,-109,-109,-109,-109,-109,-76.77966101694915,-109,-109,-109,-95.1063829787234,-109,-109,-93.96363636363637,-109,-109,-109,-109,-94.92,-109,-109,-109,-109,-109
-109,-109,-109,-109,-109,-109,-109,-109,-109,-109,-109,-109,-83.97765363128492,-109,-93.5609756097561,-92.64,-87.05263157894737,-109,-109,-109,-109,-109,-109,-109,-105,-109,-109,-109,-109,-109
-109,-109,-109,-109,-109,-109,-109,-109,-109,-109,-109,-109,-90.91970802919708,-109,-90.16521739130435,-90.53246753246754,-88.23076923076923,-109,-109,-109,-109,-109,-109,-109,-109,-109,-109,-109,-109,-109
-109,-109,-109,-109,-109,-109,-109,-109,-109,-109,-109,-109,-93.36666666666666,-109,-81.54010695187166,-84.34031413612566,-93.65384615384616,-109,-109,-109,-109,-109,-109,-109,-109,-109,-109,-109,-109,-109
-109,-109,-109,-109,-109,-109,-109,-109,-109,-109,-109,-109,-95.54545454545455,-109,-77.3625,-83.37588652482269,-93.36585365853658,-109,-109,-109,-109,-109,-109,-109,-109,-109,-109,-109,-109,-109
-109,-109,-109,-109,-109,-109,-109,-109,-109,-109,-109,-109,-94.76470588235294,-109,-86.95973154362416,-74.72916666666667,-93.79069767441861,-109,-109,-109,-109,-109,-109,-109,-109,-109,-109,-109,-109,-109
-109,-109,-109,-109,-109,-109,-109,-109,-109,-109,-109,-109,-92.91666666666667,-109,-85.80473372781066,-76.58823529411765,-94.4054054054054,-109,-109,-109,-109,-109,-109,-109,-109,-109,-109,-109,-109,-109
-109,-109,-109,-109,-109,-109,-109,-109,-109,-109,-109,-109,-109,-109,-89.18032786885246,-84.54210526315789,-107.1666666666667,-109,-109,-109,-109,-109,-109,-109,-109,-109,-109,-109,-109,-109
-109,-109,-109,-109,-109,-109,-109,-109,-109,-109,-109,-109,-109,-109,-107.8333333333333,-93.84415584415585,-81.83809523809524,-109,-109,-109,-109,-109,-109,-109,-109,-109,-109,-109,-99.16666666666667,-109
-109,-109,-109,-109,-109,-109,-109,-109,-109,-109,-109,-109,-93.52459016393442,-109,-94.68627450980392,-95.5,-73.14689265536722,-109,-109,-109,-109,-109,-109,-109,-109,-109,-109,-109,-109,-109
-109,-109,-109,-109,-109,-109,-109,-109,-109,-109,-109,-109,-96,-109,-105,-93.77272727272727,-80.1743119266055,-109,-109,-109,-109,-109,-109,-109,-109,-109,-109,-109,-109,-109
-109,-109,-109,-109,-109,-109,-109,-109,-109,-109,-109,-109,-109,-109,-85.73369565217391,-85.70322580645161,-88.57142857142857,-109,-109,-109,-109,-109,-109,-109,-109,-109,-109,-109,-109,-109
-109,-109,-109,-109,-109,-109,-109,-109,-109,-109,-109,-109,-107,-109,-82.15000000000001,-87.44385026737967,-90.84347826086956,-109,-109,-109,-109,-109,-109,-109,-109,-109,-109,-109,-109,-109
-109,-109,-109,-109,-109,-109,-109,-109,-109,-109,-109,-109,-107.3333333333333,-109,-85.93181818181819,-87.89444444444445,-92.55681818181819,-109,-109,-109,-109,-109,-109,-109,-109,-109,-109,-109,-109,-109
-109,-109,-109,-109,-109,-109,-109,-109,-109,-109,-109,-109,-109,-109,-85.60317460317461,-80.70930232558139,-88.26984126984127,-109,-109,-109,-109,-109,-109,-109,-109,-109,-109,-109,-109,-109
-109,-109,-109,-109,-109,-109,-109,-109,-109,-109,-109,-109,-95.09615384615384,-109,-109,-109,-109,-109,-109,-93.83720930232558,-109,-109,-109,-109,-98.3,-94.77358490566037,-109,-93.3,-88.58823529411765,-109
-109,-109,-109,-109,-109,-109,-109,-109,-109,-109,-109,-109,-100.625,-109,-98,-109,-109,-109,-109,-95.42857142857143,-109,-109,-109,-109,-100.8,-107,-99.375,-109,-109,-109
-109,-109,-109,-109,-109,-109,-109,-109,-109,-109,-109,-109,-109,-109,-101.4285714285714,-109,-109,-109,-109,-109,-101.2857142857143,-109,-109,-109,-109,-109,-109,-109,-109,-99.71428571428571
-109,-109,-103.2857142857143,-109,-95.82352941176471,-109,-109,-109,-109,-109,-109,-109,-104.8333333333333,-109,-109,-109,-109,-109,-109,-90.04545454545455,-109,-109,-109,-109,-99.16666666666667,-90.42708333333333,-100.625,-109,-96.40000000000001,-109
-109,-109,-109,-109,-109,-109,-109,-109,-109,-109,-109,-109,-109,-109,-109,-109,-109,-109,-109,-83.26041666666667,-95.8,-109,-109,-109,-109,-94.43243243243244,-109,-109,-102.25,-109
-109,-109,-109,-109,-109,-109,-109,-109,-109,-109,-109,-109,-109,-109,-109,-109,-109,-109,-109,-67.32608695652173,-97.57142857142857,-109,-109,-109,-109,-109,-109,-109,-91.77272727272727,-109
-109,-109,-109,-109,-109,-109,-109,-109,-109,-109,-109,-109,-109,-109,-109,-109,-109,-109,-109,-84.79310344827586,-84.76515151515152,-86.32298136645963,-86.49431818181819,-85.04827586206896,-109,-109,-109,-109,-105.6666666666667,-109
-109,-109,-109,-109,-109,-109,-109,-109,-109,-109,-109,-109,-109,-109,-109,-109,-109,-109,-109,-92.30927835051547,-72.98958333333333,-85.35545023696683,-87.23448275862069,-89.54444444444445,-109,-109,-109,-109,-109,-109
-109,-109,-109,-109,-109,-109,-109,-109,-109,-109,-109,-109,-88.28235294117647,-109,-109,-109,-109,-109,-109,-84.27272727272727,-107.1666666666667,-109,-109,-109,-109,-104.6666666666667,-109,-109,-99.33333333333333,-109
-109,-109,-109,-109,-109,-109,-109,-109,-109,-109,-109,-109,-109,-109,-109,-109,-109,-109,-109,-92.77777777777777,-103.625,-96.19512195121951,-102.8571428571429,-93.8,-109,-109,-109,-109,-109,-109
-109,-109,-109,-109,-109,-109,-109,-109,-109,-109,-109,-109,-109,-109,-109,-109,-109,-109,-109,-83.08771929824562,-93.89285714285714,-90.96132596685082,-100.8333333333333,-93.82105263157895,-109,-109,-109,-109,-91.77862595419847,-109
-109,-109,-109,-109,-109,-109,-109,-109,-109,-109,-109,-109,-109,-109,-109,-109,-109,-109,-109,-85.58064516129032,-93.29347826086956,-89.87581699346406,-91.74074074074075,-78.47457627118644,-109,-109,-109,-109,-109,-109
-109,-109,-109,-109,-109,-109,-109,-109,-109,-109,-109,-109,-109,-109,-109,-109,-109,-109,-109,-97.625,-88.4957264957265,-84.40437158469945,-85.01630434782609,-86.57142857142857,-109,-109,-109,-109,-109,-109
-109,-109,-109,-109,-109,-109,-109,-109,-109,-109,-109,-109,-109,-109,-109,-109,-109,-109,-109,-95.27777777777777,-84.29375,-84.54954954954955,-86.59537572254335,-77.37888198757764,-109,-109,-109,-109,-109,-109
-109,-109,-109,-109,-109,-109,-109,-109,-109,-109,-109,-109,-109,-109,-109,-109,-109,-109,-109,-93.49618320610686,-109,-97.15151515151516,-95.4375,-105.5,-109,-109,-109,-109,-92.83116883116882,-107.1666666666667
-109,-109,-109,-109,-109,-109,-109,-109,-109,-109,-109,-109,-109,-109,-109,-109,-109,-109,-109,-98.63636363636364,-109,-109,-90.96276595744681,-96.59999999999999,-109,-109,-109,-109,-109,-109
-109,-109,-109,-109,-109,-109,-109,-109,-109,-109,-109,-109,-109,-109,-109,-109,-109,-109,-109,-98.42857142857143,-93.35652173913043,-94.4235294117647,-85.40236686390533,-88.1076923076923,-109,-109,-109,-109,-109,-109
-109,-109,-109,-109,-109,-109,-109,-109,-109,-109,-109,-109,-109,-109,-109,-109,-109,-109,-109,-109,-91.95121951219512,-82.98198198198199,-82.95939086294416,-82.7,-109,-109,-109,-109,-109,-109
-109,-109,-109,-109,-109,-109,-109,-109,-109,-109,-109,-109,-109,-109,-109,-109,-109,-109,-109,-96.40000000000001,-90.7578947368421,-83.07734806629834,-80.54587155963303,-81.11173184357541,-109,-109,-109,-109,-109,-109
-109,-109,-109,-109,-109,-109,-109,-109,-109,-109,-109,-109,-109,-109,-109,-109,-109,-109,-109,-102.2857142857143,-88.17307692307692,-78.37948717948719,-69.84324324324324,-83.72566371681415,-109,-109,-109,-109,-109,-109
-109,-109,-109,-109,-109,-109,-109,-109,-109,-109,-109,-109,-109,-109,-109,-109,-109,-109,-109,-109,-96.16129032258064,-91.6319018404908,-90.7080745341615,-89.94615384615385,-109,-109,-109,-109,-109,-109
-109,-109,-109,-109,-109,-109,-109,-109,-109,-109,-109,-109,-91.11111111111111,-109,-109,-103.25,-96.69230769230769,-109,-109,-109,-109,-109,-109,-109,-92.97499999999999,-92.80434782608695,-91.74285714285715,-82.25373134328358,-90.74045801526718,-95.57575757575758
-109,-109,-109,-109,-109,-109,-109,-109,-109,-109,-109,-109,-109,-109,-95.35714285714286,-107.5,-109,-109,-109,-109,-96.45454545454545,-109,-109,-109,-109,-109,-109,-109,-109,-109
-109,-109,-109,-109,-109,-109,-109,-109,-109,-109,-109,-109,-109,-109,-109,-109,-95.90909090909091,-109,-109,-94.05769230769231,-109,-109,-109,-109,-94.09677419354838,-81.83098591549296,-95.83870967741936,-106.1428571428571,-89.92561983471074,-107.3333333333333
-109,-109,-109,-109,-109,-109,-109,-109,-109,-109,-109,-109,-109,-109,-109,-109,-109,-109,-109,-91.51807228915662,-109,-96.07317073170732,-109,-109,-109,-92.22131147540983,-109,-102.3333333333333,-91.47019867549669,-105
-106.6666666666667,-109,-109,-109,-109,-109,-102,-107,-109,-109,-109,-109,-94.04347826086956,-109,-109,-109,-94.58333333333333,-109,-109,-109,-109,-109,-109,-109,-83.59999999999999,-86.85714285714286,-86.34507042253522,-91.80745341614907,-92.375,-95.85714285714286
-94.04444444444445,-109,-103,-109,-109,-109,-93.375,-109,-109,-109,-90.65432098765432,-109,-109,-109,-109,-109,-107.3333333333333,-109,-109,-109,-109,-109,-109,-109,-97.27272727272727,-93.88235294117646,-84.29251700680273,-82.10687022900764,-103.8571428571429,-95.54166666666667
-99.59999999999999,-109,-94.42857142857143,-109,-109,-109,-100,-106.8333333333333,-109,-109,-109,-109,-109,-109,-109,-109,-109,-109,-109,-109,-109,-109,-109,-109,-90.02439024390245,-98.15384615384616,-78.02185792349727,-86.4065934065934,-101.2857142857143,-90.42424242424242
-105.5714285714286,-109,-107,-109,-109,-109,-109,-109,-109,-109,-109,-109,-96.88888888888889,-109,-109,-109,-109,-109,-109,-109,-109,-109,-109,-109,-107,-97.22222222222223,-90.28723404255319,-85.10828025477707,-107.3333333333333,-93.84782608695652
-97,-109,-109,-109,-109,-109,-91.96363636363637,-94.90909090909091,-109,-107,-107.1666666666667,-109,-109,-109,-109,-109,-105,-109,-109,-107,-109,-109,-109,-109,-109,-99.71428571428571,-91.64601769911505,-90.73,-102.875,-85.44961240310077
-90.30769230769231,-94.73684210526316,-109,-109,-95.3125,-109,-105,-90.1566265060241,-104.8333333333333,-109,-97.59999999999999,-109,-109,-109,-109,-109,-109,-109,-109,-109,-109,-109,-109,-109,-109,-109,-85.65714285714286,-109,-109,-101.3333333333333
-97.125,-92.14545454545454,-109,-106.6666666666667,-109,-109,-109,-109,-109,-109,-109,-109,-109,-109,-109,-109,-109,-109,-109,-109,-109,-109,-109,-109,-109,-109,-109,-93.95061728395062,-109,-109
-109,-109,-109,-109,-109,-109,-109,-109,-92.29113924050633,-103,-109,-109,-109,-109,-109,-109,-109,-109,-109,-109,-109,-109,-109,-109,-109,-109,-109,-109,-109,-109
-109,-109,-109,-109,-109,-109,-101.4285714285714,-90.9074074074074,-109,-109,-95.56521739130434,-109,-109,-109,-109,-109,-104.1666666666667,-109,-109,-109,-109,-109,-109,-109,-105,-93.5925925925926,-91.68421052631579,-93.42857142857143,-93.5,-87.66355140186916
-109,-109,-109,-109,-109,-109,-94.53333333333333,-96.09999999999999,-109,-109,-109,-109,-105.1666666666667,-109,-109,-109,-104,-109,-109,-109,-109,-109,-109,-109,-109,-90.2,-93.46808510638297,-94.33333333333333,-88.80851063829788,-89.98076923076923
-109,-109,-109,-109,-109,-109,-109,-109,-106.5,-109,-109,-109,-109,-109,-109,-109,-109,-109,-109,-109,-109,-109,-109,-109,-109,-87.96739130434783,-95.15555555555555,-97.81818181818181,-95,-105.1666666666667
-109,-109,-107.5,-109,-109,-109,-94.17241379310344,-94.13461538461539,-109,-109,-106.6666666666667,-109,-109,-109,-109,-109,-97.23529411764706,-109,-109,-109,-109,-109,-109,-109,-109,-91.3625,-91.75555555555556,-93.13157894736842,-87.90151515151516,-89.46728971962617
-101.25,-109,-109,-109,-109,-109,-109,-95,-109,-109,-95.88235294117646,-109,-109,-109,-109,-109,-95.17391304347827,-109,-109,-101.7142857142857,-109,-109,-109,-109,-91.78260869565217,-79.93452380952381,-93.31645569620254,-94.60714285714286,-86.95575221238938,-91.83750000000001
-98.53333333333333,-109,-98.8,-109,-94.5,-109,-109,-94.5,-109,-109,-109,-109,-99.85714285714286,-109,-109,-109,-94.17021276595744,-109,-109,-94.62068965517241,-109,-109,-109,-109,-88.87234042553192,-83.19387755102041,-92.92537313432835,-92.28571428571429,-91.13513513513513,-95.82352941176471
-109,-109,-109,-109,-109,-109,-96.18181818181819,-109,-109,-109,-109,-109,-109,-109,-109,-109,-109,-109,-109,-102.2222222222222,-109,-109,-109,-109,-93.86206896551724,-86.39855072463769,-90.62162162162163,-93.40000000000001,-78.55944055944056,-96.64705882352941
-109,-109,-109,-109,-109,-109,-109,-100,-109,-109,-94.02857142857142,-109,-109,-109,-109,-109,-99.33333333333333,-109,-109,-109,-109,-98.5,-109,-109,-96,-88.869918699187,-98.7,-107.1666666666667,-88.45238095238095,-94.25806451612904
-109,-109,-109,-109,-109,-109,-109,-107,-109,-109,-109,-109,-109,-109,-109,-109,-96.45454545454545,-109,-109,-109,-109,-109,-109,-109,-100.1428571428571,-93.29591836734694,-109,-109,-91.76699029126213,-96.625
-109,-109,-109,-109,-109,-109,-109,-109,-109,-109,-109,-109,-109,-109,-109,-109,-109,-109,-109,-107.8333333333333,-109,-109,-109,-109,-107.3333333333333,-84.7375,-109,-98,-95.28571428571429,-107
-109,-109,-109,-109,-109,-109,-109,-105.8333333333333,-109,-109,-109,-109,-101.5,-109,-109,-109,-93.28358208955224,-109,-109,-109,-109,-109,-109,-109,-78.84415584415585,-80.27167630057804,-93.03571428571429,-94.9047619047619,-92.69230769230769,-99.875
-90.11111111111111,-109,-94.8,-109,-100.625,-109,-91.48148148148148,-95.36,-109,-109,-109,-109,-109,-109,-109,-109,-93.55172413793103,-109,-109,-109,-109,-109,-109,-109,-94,-94.61904761904762,-82.89171974522293,-80.06432748538012,-102.1666666666667,-87.875
-109,-109,-109,-109,-109,-109,-109,-100.125,-91.8125,-102.25,-109,-109,-109,-109,-109,-109,-109,-109,-109,-109,-109,-98.63636363636364,-109,-109,-109,-109,-109,-109,-95.63636363636364,-109
